17/04/2023,Mornings,W1,None,3.33,17/04/2023 05:20:11,17/04/2023 05:23:32,reason not entered,null,null,null,1631215PL,0.17,89524/076,89524/076/41,Supplier 1,Week 16,4,BOBBIN 1.2G3,0.00,0.21,0.17
17/04/2023,Mornings,W3,21 / SR,0,17/04/2023 05:23:40,17/04/2023 05:23:40,Operator changed,null,null,null,16S1215PRE,1.50,89443/202,89443/202/139,Supplier 1,Week 16,4,BOBBIN 1.0,0.17,9.85,1.33
17/04/2023,Mornings,W3,21 / SR,5.33,17/04/2023 05:20:11,17/04/2023 05:29:23,reason not entered,null,null,null,16S1215PRE,2.50,89443/202,89443/202/1,Supplier 1,Week 16,4,BOBBIN 1.0,0.33,13.33,2.17
17/04/2023,Mornings,W3,21 / SR,1.00,17/04/2023 05:32:43,17/04/2023 05:33:53,Spool Change,Kg Completed,Not Applicable,Not Applicable,16S1215PRE,3.50,89443/202,89443/202/2,Supplier 1,Week 16,4,BOBBIN 1.0,0.33,22.62,3.17
17/04/2023,Mornings,W3,21 / SR,0.67,17/04/2023 05:37:04,17/04/2023 05:37:54,Spool Change,Kg Completed,Not Applicable,Not Applicable,16S1215PRE,3.33,89443/202,89443/202/3,Supplier 1,Week 16,4,BOBBIN 1.0,0.50,23.10,2.83
17/04/2023,Mornings,W3,21 / SR,0.33,17/04/2023 05:40:14,17/04/2023 05:40:44,Spool Change,Kg Completed,Not Applicable,Not Applicable,16S1215PRE,2.50,89443/202,89443/202/4,Supplier 1,Week 16,4,BOBBIN 1.0,0.50,22.83,2.00
17/04/2023,Mornings,W5,None,25.67,17/04/2023 05:20:11,17/04/2023 05:46:15,reason not entered,null,null,null,1631216BRE,0.50,89292/222,89292/222/81,Supplier 1,Week 16,4,BOBBIN 1.2G3,0.33,0.65,0.17
17/04/2023,Mornings,W3,21 / SR,6.33,17/04/2023 05:42:45,17/04/2023 05:49:16,reason not entered,null,null,null,16S1215PRE,2.17,89443/202,89443/202/5,Supplier 1,Week 16,4,BOBBIN 1.0,0.50,21.89,1.67
17/04/2023,Mornings,W5,None,0.50,17/04/2023 05:48:46,17/04/2023 05:50:16,Spool Change,Kg Completed,Not Applicable,Not Applicable,1631216BRE,3.50,89292/222,89292/222/1,Supplier 1,Week 16,4,BOBBIN 1.2G3,1.33,15.97,2.17
17/04/2023,Mornings,W3,21 / SR,0.67,17/04/2023 05:51:16,17/04/2023 05:52:06,Spool Change,Kg Completed,Not Applicable,Not Applicable,16S1215PRE,2.17,89443/202,89443/202/6,Supplier 1,Week 16,4,BOBBIN 1.0,0.33,22.70,1.83
17/04/2023,Mornings,W5,None,0.50,17/04/2023 05:52:46,17/04/2023 05:54:17,Spool Change,Kg Completed,Not Applicable,Not Applicable,1631216BRE,3.50,89292/222,89292/222/2,Supplier 1,Week 16,4,BOBBIN 1.2G3,1.50,15.77,2.00
17/04/2023,Mornings,W3,21 / SR,0.67,17/04/2023 05:54:07,17/04/2023 05:54:57,Spool Change,Kg Completed,Not Applicable,Not Applicable,16S1215PRE,2.17,89443/202,89443/202/7,Supplier 1,Week 16,4,BOBBIN 1.0,0.33,22.79,1.83
17/04/2023,Mornings,W3,21 / SR,0.50,17/04/2023 05:56:57,17/04/2023 05:57:37,Spool Change,Kg Completed,Not Applicable,Not Applicable,16S1215PRE,2.17,89443/202,89443/202/8,Supplier 1,Week 16,4,BOBBIN 1.0,0.33,23.04,1.83
17/04/2023,Mornings,W5,None,0.83,17/04/2023 05:56:37,17/04/2023 05:58:07,Spool Change,Kg Completed,Not Applicable,Not Applicable,1631216BRE,3.00,89292/222,89292/222/3,Supplier 1,Week 16,4,BOBBIN 1.2G3,1.00,15.32,2.00
17/04/2023,Mornings,W3,21 / SR,0.50,17/04/2023 05:59:38,17/04/2023 06:00:17,Spool Change,Kg Completed,Not Applicable,Not Applicable,16S1215PRE,2.00,89443/202,89443/202/9,Supplier 1,Week 16,4,BOBBIN 1.0,0.50,22.80,1.50
17/04/2023,Mornings,W5,None,0.83,17/04/2023 06:00:37,17/04/2023 06:02:38,Spool Change,Kg Completed,Not Applicable,Not Applicable,1631216BRE,3.50,89292/222,89292/222/4,Supplier 1,Week 16,4,BOBBIN 1.2G3,1.50,15.77,2.00
17/04/2023,Mornings,W3,21 / SR,1.67,17/04/2023 06:02:17,17/04/2023 06:04:08,Spool Change,Kg Completed,Not Applicable,Not Applicable,16S1215PRE,2.17,89443/202,89443/202/10,Supplier 1,Week 16,4,BOBBIN 1.0,0.50,22.30,1.67
17/04/2023,Mornings,W1,None,41.83,17/04/2023 05:23:52,17/04/2023 06:05:58,reason not entered,null,null,null,1631215PL,0.33,89524/076,89524/076/1,Supplier 1,Week 16,4,BOBBIN 1.2G3,0.17,0.90,0.17
17/04/2023,Mornings,W5,None,0.50,17/04/2023 06:05:18,17/04/2023 06:06:38,Spool Change,Kg Completed,Not Applicable,Not Applicable,1631216BRE,3.50,89292/222,89292/222/5,Supplier 1,Week 16,4,BOBBIN 1.2G3,1.33,15.55,2.17
17/04/2023,Mornings,W3,21 / SR,0.67,17/04/2023 06:06:08,17/04/2023 06:06:48,Spool Change,Kg Completed,Not Applicable,Not Applicable,16S1215PRE,2.00,89443/202,89443/202/11,Supplier 1,Week 16,4,BOBBIN 1.0,0.17,22.08,1.83
17/04/2023,Mornings,W5,None,0.67,17/04/2023 06:09:08,17/04/2023 06:10:39,Spool Change,Kg Completed,Not Applicable,Not Applicable,1631216BRE,3.33,89292/222,89292/222/6,Supplier 1,Week 16,4,BOBBIN 1.2G3,1.17,15.72,2.17
17/04/2023,Mornings,W3,21 / SR,4.17,17/04/2023 06:08:58,17/04/2023 06:13:19,reason not entered,null,null,null,16S1215PRE,2.33,89443/202,89443/202/12,Supplier 1,Week 16,4,BOBBIN 1.0,0.50,23.17,1.83
17/04/2023,Mornings,W5,None,0.83,17/04/2023 06:13:09,17/04/2023 06:14:39,Spool Change,Kg Completed,Not Applicable,Not Applicable,1631216BRE,3.17,89292/222,89292/222/7,Supplier 1,Week 16,4,BOBBIN 1.2G3,1.00,15.72,2.17
17/04/2023,Mornings,W3,21 / SR,0.50,17/04/2023 06:15:19,17/04/2023 06:16:00,Spool Change,Kg Completed,Not Applicable,Not Applicable,16S1215PRE,2.17,89443/202,89443/202/13,Supplier 1,Week 16,4,BOBBIN 1.0,0.50,22.52,1.67
17/04/2023,Mornings,W3,21 / SR,0.50,17/04/2023 06:18:00,17/04/2023 06:18:40,Spool Change,Kg Completed,Not Applicable,Not Applicable,16S1215PRE,2.17,89443/202,89443/202/14,Supplier 1,Week 16,4,BOBBIN 1.0,0.50,22.52,1.67
17/04/2023,Mornings,W5,None,0.67,17/04/2023 06:17:20,17/04/2023 06:18:50,Spool Change,Kg Completed,Not Applicable,Not Applicable,1631216BRE,3.50,89292/222,89292/222/8,Supplier 1,Week 16,4,BOBBIN 1.2G3,1.33,16.52,2.17
17/04/2023,Mornings,W5,None,0.67,17/04/2023 06:21:10,17/04/2023 06:22:40,Spool Change,Kg Completed,Not Applicable,Not Applicable,1631216BRE,3.17,89292/222,89292/222/9,Supplier 1,Week 16,4,BOBBIN 1.2G3,1.17,14.54,2.00
17/04/2023,Mornings,W3,21 / SR,4.00,17/04/2023 06:20:40,17/04/2023 06:24:51,reason not entered,null,null,null,16S1215PRE,2.17,89443/202,89443/202/15,Supplier 1,Week 16,4,BOBBIN 1.0,0.50,22.30,1.67
17/04/2023,Mornings,W5,None,0.67,17/04/2023 06:25:21,17/04/2023 06:26:51,Spool Change,Kg Completed,Not Applicable,Not Applicable,1631216BRE,3.50,89292/222,89292/222/10,Supplier 1,Week 16,4,BOBBIN 1.2G3,1.33,16.59,2.17
17/04/2023,Mornings,W3,21 / SR,0.50,17/04/2023 06:26:51,17/04/2023 06:27:21,Spool Change,Kg Completed,Not Applicable,Not Applicable,16S1215PRE,2.00,89443/202,89443/202/16,Supplier 1,Week 16,4,BOBBIN 1.0,0.17,22.31,1.83
17/04/2023,Mornings,W3,21 / SR,0.83,17/04/2023 06:29:31,17/04/2023 06:30:32,Spool Change,Kg Completed,Not Applicable,Not Applicable,16S1215PRE,2.33,89443/202,89443/202/17,Supplier 1,Week 16,4,BOBBIN 1.0,0.50,23.05,1.83
17/04/2023,Mornings,W5,None,0.50,17/04/2023 06:29:21,17/04/2023 06:30:42,Spool Change,Kg Completed,Not Applicable,Not Applicable,1631216BRE,3.33,89292/222,89292/222/11,Supplier 1,Week 16,4,BOBBIN 1.2G3,1.33,14.70,2.00
17/04/2023,Mornings,W3,21 / SR,0.50,17/04/2023 06:32:32,17/04/2023 06:33:02,Spool Change,Kg Completed,Not Applicable,Not Applicable,16S1215PRE,1.83,89443/202,89443/202/18,Supplier 1,Week 16,4,BOBBIN 1.0,0.33,21.89,1.50
17/04/2023,Mornings,W5,None,0.50,17/04/2023 06:32:32,17/04/2023 06:34:02,Spool Change,Kg Completed,Not Applicable,Not Applicable,1631216BRE,2.67,89292/222,89292/222/12,Supplier 1,Week 16,4,BOBBIN 1.2G3,1.33,16.59,1.33
17/04/2023,Mornings,W3,21 / SR,1.00,17/04/2023 06:35:12,17/04/2023 06:36:22,Spool Change,Kg Completed,Not Applicable,Not Applicable,16S1215PRE,2.17,89443/202,89443/202/19,Supplier 1,Week 16,4,BOBBIN 1.0,0.33,22.74,1.83
17/04/2023,Mornings,W5,None,1.33,17/04/2023 06:35:52,17/04/2023 06:38:13,Spool Change,Kg Completed,Not Applicable,Not Applicable,1631216BRE,2.67,89292/222,89292/222/13,Supplier 1,Week 16,4,BOBBIN 1.2G3,1.33,14.85,1.33
17/04/2023,Mornings,W3,21 / SR,0.50,17/04/2023 06:38:33,17/04/2023 06:39:13,Spool Change,Kg Completed,Not Applicable,Not Applicable,16S1215PRE,2.33,89443/202,89443/202/20,Supplier 1,Week 16,4,BOBBIN 1.0,0.50,23.03,1.83
17/04/2023,Mornings,W3,21 / SR,1.33,17/04/2023 06:41:13,17/04/2023 06:42:43,Spool Change,Kg Completed,Not Applicable,Not Applicable,16S1215PRE,2.17,89443/202,89443/202/21,Supplier 1,Week 16,4,BOBBIN 1.0,0.50,22.82,1.67
17/04/2023,Mornings,W1,21 / SR,0,17/04/2023 06:43:39,17/04/2023 06:43:39,Operator changed,null,null,null,1631215PL,0.83,89524/076,89524/076/3,Supplier 1,Week 16,4,BOBBIN 1.2G3,0.83,1.96,0.00
17/04/2023,Mornings,W3,21 / SR,3.50,17/04/2023 06:44:43,17/04/2023 06:48:14,reason not entered,null,null,null,16S1215PRE,2.00,89443/202,89443/202/22,Supplier 1,Week 16,4,BOBBIN 1.0,0.33,21.46,1.67
17/04/2023,Mornings,W3,21 / SR,0.50,17/04/2023 06:50:34,17/04/2023 06:51:14,Spool Change,Kg Completed,Not Applicable,Not Applicable,16S1215PRE,2.50,89443/202,89443/202/23,Supplier 1,Week 16,4,BOBBIN 1.0,0.50,23.77,2.00
17/04/2023,Mornings,W3,21 / SR,1.50,17/04/2023 06:53:35,17/04/2023 06:55:05,Spool Change,Kg Completed,Not Applicable,Not Applicable,16S1215PRE,2.17,89443/202,89443/202/24,Supplier 1,Week 16,4,BOBBIN 1.0,0.33,21.60,1.83
17/04/2023,Mornings,W3,21 / SR,5.83,17/04/2023 06:57:35,17/04/2023 07:03:26,reason not entered,null,null,null,16S1215PRE,2.33,89443/202,89443/202/25,Supplier 1,Week 16,4,BOBBIN 1.0,0.17,22.60,2.17
17/04/2023,Mornings,W3,21 / SR,1.17,17/04/2023 07:05:56,17/04/2023 07:07:17,Spool Change,Kg Completed,Not Applicable,Not Applicable,16S1215PRE,2.67,89443/202,89443/202/26,Supplier 1,Week 16,4,BOBBIN 1.0,0.50,23.34,2.17
17/04/2023,Mornings,W3,21 / SR,1.17,17/04/2023 07:10:17,17/04/2023 07:11:27,Spool Change,Kg Completed,Not Applicable,Not Applicable,16S1215PRE,3.00,89443/202,89443/202/27,Supplier 1,Week 16,4,BOBBIN 1.0,0.33,22.10,2.67
17/04/2023,Mornings,W3,21 / SR,1.17,17/04/2023 07:13:38,17/04/2023 07:14:58,Spool Change,Kg Completed,Not Applicable,Not Applicable,16S1215PRE,2.33,89443/202,89443/202/28,Supplier 1,Week 16,4,BOBBIN 1.0,0.50,23.30,1.83
17/04/2023,Mornings,W3,21 / SR,0.33,17/04/2023 07:17:08,17/04/2023 07:17:38,Spool Change,Kg Completed,Not Applicable,Not Applicable,16S1215PRE,2.33,89443/202,89443/202/29,Supplier 1,Week 16,4,BOBBIN 1.0,0.50,22.22,1.83
17/04/2023,Mornings,W3,21 / SR,0.33,17/04/2023 07:19:48,17/04/2023 07:20:18,Spool Change,Kg Completed,Not Applicable,Not Applicable,16S1215PRE,2.33,89443/202,89443/202/30,Supplier 1,Week 16,4,BOBBIN 1.0,0.50,22.23,1.83
17/04/2023,Mornings,W3,21 / SR,0.50,17/04/2023 07:22:29,17/04/2023 07:22:59,Spool Change,Kg Completed,Not Applicable,Not Applicable,16S1215PRE,2.17,89443/202,89443/202/31,Supplier 1,Week 16,4,BOBBIN 1.0,0.33,22.57,1.83
17/04/2023,Mornings,W5,None,42.33,17/04/2023 06:40:03,17/04/2023 07:23:59,reason not entered,null,null,null,1631216BRE,3.00,89292/222,89292/222/15,Supplier 1,Week 16,4,BOBBIN 1.2G3,1.50,16.73,1.50
17/04/2023,Mornings,W3,21 / SR,0.50,17/04/2023 07:25:09,17/04/2023 07:25:39,Spool Change,Kg Completed,Not Applicable,Not Applicable,16S1215PRE,2.17,89443/202,89443/202/32,Supplier 1,Week 16,4,BOBBIN 1.0,0.33,22.64,1.83
17/04/2023,Mornings,W5,None,0.50,17/04/2023 07:25:39,17/04/2023 07:27:04,Spool Change,Kg Completed,Not Applicable,Not Applicable,1631216BRE,2.67,89292/222,89292/222/16,Supplier 1,Week 16,4,BOBBIN 1.2G3,1.33,15.40,1.33
17/04/2023,Mornings,W3,21 / SR,0.50,17/04/2023 07:27:45,17/04/2023 07:28:25,Spool Change,Kg Completed,Not Applicable,Not Applicable,16S1215PRE,2.33,89443/202,89443/202/33,Supplier 1,Week 16,4,BOBBIN 1.0,0.50,23.32,1.83
17/04/2023,Mornings,W5,None,0.67,17/04/2023 07:28:55,17/04/2023 07:30:25,Spool Change,Kg Completed,Not Applicable,Not Applicable,1631216BRE,2.67,89292/222,89292/222/17,Supplier 1,Week 16,4,BOBBIN 1.2G3,1.33,15.62,1.33
17/04/2023,Mornings,W3,21 / SR,0.33,17/04/2023 07:30:35,17/04/2023 07:31:05,Spool Change,Kg Completed,Not Applicable,Not Applicable,16S1215PRE,2.33,89443/202,89443/202/34,Supplier 1,Week 16,4,BOBBIN 1.0,0.50,22.49,1.83
17/04/2023,Mornings,W5,None,0.83,17/04/2023 07:32:05,17/04/2023 07:33:35,Spool Change,Kg Completed,Not Applicable,Not Applicable,1631216BRE,2.33,89292/222,89292/222/18,Supplier 1,Week 16,4,BOBBIN 1.2G3,1.00,15.17,1.33
17/04/2023,Mornings,W3,21 / SR,1.83,17/04/2023 07:33:05,17/04/2023 07:34:56,Spool Change,Kg Completed,Not Applicable,Not Applicable,16S1215PRE,2.00,89443/202,89443/202/35,Supplier 1,Week 16,4,BOBBIN 1.0,0.33,21.81,1.67
17/04/2023,Mornings,W5,None,0.67,17/04/2023 07:35:36,17/04/2023 07:37:06,Spool Change,Kg Completed,Not Applicable,Not Applicable,1631216BRE,2.83,89292/222,89292/222/19,Supplier 1,Week 16,4,BOBBIN 1.2G3,1.33,16.37,1.50
17/04/2023,Mornings,W5,None,0.67,17/04/2023 07:38:54,17/04/2023 07:40:24,Spool Change,Kg Completed,Not Applicable,Not Applicable,1631216BRE,1.50,89292/222,89292/222/20,Supplier 1,Week 16,4,BOBBIN 1.2G3,1.00,5.95,0.50
17/04/2023,Mornings,W3,21 / SR,2.67,17/04/2023 07:37:06,17/04/2023 07:41:04,reason not entered,null,null,null,16S1215PRE,2.33,89443/202,89443/202/36,Supplier 1,Week 16,4,BOBBIN 1.0,0.50,23.64,1.83
17/04/2023,Mornings,W3,21 / SR,10.83,17/04/2023 07:43:45,17/04/2023 07:54:46,reason not entered,null,null,null,16S1215PRE,2.67,89443/202,89443/202/37,Supplier 1,Week 16,4,BOBBIN 1.0,0.17,21.45,2.50
17/04/2023,Mornings,W5,None,11.67,17/04/2023 07:42:15,17/04/2023 07:54:56,reason not entered,null,null,null,1631216BRE,2.67,89292/222,89292/222/21,Supplier 1,Week 16,4,BOBBIN 1.2G3,1.33,15.22,1.33
17/04/2023,Mornings,W3,21 / SR,0.33,17/04/2023 07:57:37,17/04/2023 07:58:07,Spool Change,Kg Completed,Not Applicable,Not Applicable,16S1215PRE,3.00,89443/202,89443/202/38,Supplier 1,Week 16,4,BOBBIN 1.0,0.33,22.78,2.67
17/04/2023,Mornings,W5,None,0.50,17/04/2023 07:57:17,17/04/2023 07:58:47,Spool Change,Kg Completed,Not Applicable,Not Applicable,1631216BRE,3.33,89292/222,89292/222/22,Supplier 1,Week 16,4,BOBBIN 1.2G3,1.50,16.36,1.83
17/04/2023,Mornings,W4,None,145.17,17/04/2023 05:20:52,17/04/2023 07:59:07,reason not entered,null,null,null,16S1016BRE,1.67,89504/315,89504/315/1,Supplier 1,Week 16,4,BOBBIN 1.2G3,1.50,0.46,0.17
17/04/2023,Mornings,W4,None,2.17,17/04/2023 07:59:37,17/04/2023 08:02:37,reason not entered,null,null,null,16S1016BRE,1.33,89504/315,89504/315/2,Supplier 1,Week 16,4,BOBBIN 1.2G3,1.00,1.45,0.33
17/04/2023,Mornings,W5,None,0.67,17/04/2023 08:01:07,17/04/2023 08:02:37,Spool Change,Kg Completed,Not Applicable,Not Applicable,1631216BRE,3.17,89292/222,89292/222/23,Supplier 1,Week 16,4,BOBBIN 1.2G3,1.33,15.62,1.83
17/04/2023,Mornings,W5,None,3.00,17/04/2023 08:03:17,17/04/2023 08:06:18,reason not entered,null,null,null,1631216BRE,0.67,89292/222,89292/222/23,Supplier 1,Week 16,4,BOBBIN 1.2G3,0.50,1.64,0.17
17/04/2023,Mornings,W3,21 / SR,6.50,17/04/2023 08:00:57,17/04/2023 08:07:37,reason not entered,null,null,null,16S1215PRE,3.00,89443/202,89443/202/39,Supplier 1,Week 16,4,BOBBIN 1.0,0.50,22.78,2.50
17/04/2023,Mornings,W4,None,0.83,17/04/2023 08:06:47,17/04/2023 08:07:58,Spool Change,Kg Completed,Not Applicable,Not Applicable,16S1016BRE,4.50,89504/315,89504/315/3,Supplier 1,Week 16,4,BOBBIN 1.2G3,0.67,16.07,3.83
17/04/2023,Mornings,W5,None,0.67,17/04/2023 08:08:18,17/04/2023 08:09:48,Spool Change,Kg Completed,Not Applicable,Not Applicable,1631216BRE,2.83,89292/222,89292/222/24,Supplier 1,Week 16,4,BOBBIN 1.2G3,1.33,13.99,1.50
17/04/2023,Mornings,W3,21 / SR,0.33,17/04/2023 08:10:28,17/04/2023 08:10:58,Spool Change,Kg Completed,Not Applicable,Not Applicable,16S1215PRE,3.00,89443/202,89443/202/40,Supplier 1,Week 16,4,BOBBIN 1.0,0.50,22.48,2.50
17/04/2023,Mornings,W4,None,0.33,17/04/2023 08:11:08,17/04/2023 08:12:08,Spool Change,Kg Completed,Not Applicable,Not Applicable,16S1016BRE,3.83,89504/315,89504/315/4,Supplier 1,Week 16,4,BOBBIN 1.2G3,1.67,16.42,2.17
17/04/2023,Mornings,W5,None,0.67,17/04/2023 08:11:58,17/04/2023 08:13:28,Spool Change,Kg Completed,Not Applicable,Not Applicable,1631216BRE,3.00,89292/222,89292/222/25,Supplier 1,Week 16,4,BOBBIN 1.2G3,1.33,15.38,1.67
17/04/2023,Mornings,W3,21 / SR,0.50,17/04/2023 08:13:48,17/04/2023 08:14:28,Spool Change,Kg Completed,Not Applicable,Not Applicable,16S1215PRE,2.83,89443/202,89443/202/41,Supplier 1,Week 16,4,BOBBIN 1.0,0.33,22.28,2.50
17/04/2023,Mornings,W1,21 / SR,125.00,17/04/2023 06:06:28,17/04/2023 08:15:18,reason not entered,null,null,null,1631215PL,1.17,89623/211,89623/211/5,Supplier 1,Week 16,4,BOBBIN 1.2G3,1.00,1.57,0.17
17/04/2023,Mornings,W4,None,0.50,17/04/2023 08:14:58,17/04/2023 08:15:59,Spool Change,Kg Completed,Not Applicable,Not Applicable,16S1016BRE,3.17,89504/315,89504/315/5,Supplier 1,Week 16,4,BOBBIN 1.2G3,1.17,15.79,2.00
17/04/2023,Mornings,W5,None,0.67,17/04/2023 08:15:28,17/04/2023 08:16:59,Spool Change,Kg Completed,Not Applicable,Not Applicable,1631216BRE,2.67,89292/222,89292/222/26,Supplier 1,Week 16,4,BOBBIN 1.2G3,1.17,16.37,1.50
17/04/2023,Mornings,W3,21 / SR,1.67,17/04/2023 08:16:49,17/04/2023 08:18:49,Spool Change,Kg Completed,Not Applicable,Not Applicable,16S1215PRE,2.50,89443/202,89443/202/42,Supplier 1,Week 16,4,BOBBIN 1.0,0.50,23.17,2.00
17/04/2023,Mornings,W5,None,0.67,17/04/2023 08:18:59,17/04/2023 08:20:29,Spool Change,Kg Completed,Not Applicable,Not Applicable,1631216BRE,2.67,89292/222,89292/222/27,Supplier 1,Week 16,4,BOBBIN 1.2G3,1.33,15.19,1.33
17/04/2023,Mornings,W5,None,0.83,17/04/2023 08:22:29,17/04/2023 08:24:09,Spool Change,Kg Completed,Not Applicable,Not Applicable,1631216BRE,2.83,89292/222,89292/222/28,Supplier 1,Week 16,4,BOBBIN 1.2G3,1.17,16.10,1.67
17/04/2023,Mornings,W3,21 / SR,6.17,17/04/2023 08:20:59,17/04/2023 08:27:20,reason not entered,null,null,null,16S1215PRE,2.33,89443/202,89443/202/43,Supplier 1,Week 16,4,BOBBIN 1.0,0.33,22.85,2.00
17/04/2023,Mornings,W5,None,0.67,17/04/2023 08:26:20,17/04/2023 08:27:50,Spool Change,Kg Completed,Not Applicable,Not Applicable,1631216BRE,3.00,89292/222,89292/222/29,Supplier 1,Week 16,4,BOBBIN 1.2G3,1.33,15.22,1.67
17/04/2023,Mornings,W3,21 / SR,0.50,17/04/2023 08:29:30,17/04/2023 08:30:10,Spool Change,Kg Completed,Not Applicable,Not Applicable,16S1215PRE,2.33,89443/202,89443/202/44,Supplier 1,Week 16,4,BOBBIN 1.0,0.50,22.36,1.83
17/04/2023,Mornings,W5,None,0.83,17/04/2023 08:30:00,17/04/2023 08:31:40,Spool Change,Kg Completed,Not Applicable,Not Applicable,1631216BRE,3.00,89292/222,89292/222/30,Supplier 1,Week 16,4,BOBBIN 1.2G3,1.33,16.35,1.67
17/04/2023,Mornings,W3,21 / SR,1.83,17/04/2023 08:32:20,17/04/2023 08:34:21,Spool Change,Kg Completed,Not Applicable,Not Applicable,16S1215PRE,2.33,89443/202,89443/202/45,Supplier 1,Week 16,4,BOBBIN 1.0,0.50,22.06,1.83
17/04/2023,Mornings,W5,None,0.67,17/04/2023 08:33:51,17/04/2023 08:35:21,Spool Change,Kg Completed,Not Applicable,Not Applicable,1631216BRE,3.00,89292/222,89292/222/31,Supplier 1,Week 16,4,BOBBIN 1.2G3,1.33,14.89,1.67
17/04/2023,Mornings,W5,None,0.50,17/04/2023 08:37:41,17/04/2023 08:39:11,Spool Change,Kg Completed,Not Applicable,Not Applicable,1631216BRE,3.33,89292/222,89292/222/32,Supplier 1,Week 16,4,BOBBIN 1.2G3,1.67,15.86,1.67
17/04/2023,Mornings,W5,None,0.50,17/04/2023 08:41:21,17/04/2023 08:42:52,Spool Change,Kg Completed,Not Applicable,Not Applicable,1631216BRE,3.17,89292/222,89292/222/33,Supplier 1,Week 16,4,BOBBIN 1.2G3,1.50,15.41,1.67
17/04/2023,Mornings,W3,21 / SR,5.50,17/04/2023 08:37:21,17/04/2023 08:43:02,reason not entered,null,null,null,16S1215PRE,3.17,89443/202,89443/202/46,Supplier 1,Week 16,4,BOBBIN 1.0,0.50,22.52,2.67
17/04/2023,Mornings,W1,21 / SR,27.33,17/04/2023 08:15:38,17/04/2023 08:44:52,reason not entered,null,null,null,1631215PL,2.00,89623/211,89623/211/10,Supplier 1,Week 16,4,BOBBIN 1.2G3,1.83,3.93,0.17
17/04/2023,Mornings,W3,21 / SR,0.50,17/04/2023 08:45:12,17/04/2023 08:45:52,Spool Change,Kg Completed,Not Applicable,Not Applicable,16S1215PRE,2.33,89443/202,89443/202/47,Supplier 1,Week 16,4,BOBBIN 1.0,0.33,22.55,2.00
17/04/2023,Mornings,W5,None,0.83,17/04/2023 08:45:02,17/04/2023 08:46:42,Spool Change,Kg Completed,Not Applicable,Not Applicable,1631216BRE,3.00,89292/222,89292/222/34,Supplier 1,Week 16,4,BOBBIN 1.2G3,1.33,16.14,1.67
17/04/2023,Mornings,W3,21 / SR,0.83,17/04/2023 08:48:12,17/04/2023 08:49:12,Spool Change,Kg Completed,Not Applicable,Not Applicable,16S1215PRE,2.50,89443/202,89443/202/48,Supplier 1,Week 16,4,BOBBIN 1.0,0.50,23.17,2.00
17/04/2023,Mornings,W3,21 / SR,2.17,17/04/2023 08:51:23,17/04/2023 08:53:43,reason not entered,null,null,null,16S1215PRE,2.33,89443/202,89443/202/49,Supplier 1,Week 16,4,BOBBIN 1.0,0.50,23.01,1.83
17/04/2023,Mornings,W5,None,3.50,17/04/2023 08:49:03,17/04/2023 08:53:43,reason not entered,null,null,null,1631216BRE,3.50,89292/222,89292/222/35,Supplier 1,Week 16,4,BOBBIN 1.2G3,1.83,15.12,1.67
17/04/2023,Mornings,W1,21 / SR,8.83,17/04/2023 08:45:22,17/04/2023 08:54:53,reason not entered,null,null,null,1631215PL,1.17,89623/211,89623/211/13,Supplier 1,Week 16,4,BOBBIN 1.2G3,0.83,2.86,0.33
17/04/2023,Mornings,W4,None,35.83,17/04/2023 08:18:59,17/04/2023 08:56:23,reason not entered,null,null,null,16S1016BRE,4.33,89504/315,89504/315/8,Supplier 1,Week 16,4,BOBBIN 1.2G3,2.17,16.95,2.17
17/04/2023,Mornings,W3,21 / SR,0.33,17/04/2023 08:56:03,17/04/2023 08:56:33,Spool Change,Kg Completed,Not Applicable,Not Applicable,16S1215PRE,2.50,89443/202,89443/202/50,Supplier 1,Week 16,4,BOBBIN 1.0,0.67,21.70,1.83
17/04/2023,Mornings,W1,21 / SR,0.83,17/04/2023 08:55:33,17/04/2023 08:57:23,Spool Change,Kg Completed,Not Applicable,Not Applicable,1631215PL,1.67,89623/211,89623/211/14,Supplier 1,Week 16,4,BOBBIN 1.2G3,1.00,7.92,0.67
17/04/2023,Mornings,W5,None,1.83,17/04/2023 08:55:53,17/04/2023 08:58:43,Spool Change,Kg Completed,Not Applicable,Not Applicable,1631216BRE,3.17,89292/222,89292/222/36,Supplier 1,Week 16,4,BOBBIN 1.2G3,1.50,15.94,1.67
17/04/2023,Mornings,W3,21 / SR,0.50,17/04/2023 08:58:53,17/04/2023 08:59:34,Spool Change,Kg Completed,Not Applicable,Not Applicable,16S1215PRE,2.50,89443/202,89443/202/51,Supplier 1,Week 16,4,BOBBIN 1.0,0.50,23.32,2.00
17/04/2023,Mornings,W1,21 / SR,3.00,17/04/2023 08:57:43,17/04/2023 09:00:44,reason not entered,null,null,null,1631215PL,0.33,89623/211,89623/211/15,Supplier 1,Week 16,4,BOBBIN 1.2G3,0.17,1.73,0.17
17/04/2023,Mornings,W5,None,0.67,17/04/2023 09:01:04,17/04/2023 09:02:34,Spool Change,Kg Completed,Not Applicable,Not Applicable,1631216BRE,3.17,89292/222,89292/222/37,Supplier 1,Week 16,4,BOBBIN 1.2G3,1.50,16.29,1.67
17/04/2023,Mornings,W4,None,5.00,17/04/2023 08:59:34,17/04/2023 09:05:24,reason not entered,null,null,null,16S1016BRE,4.00,89504/315,89504/315/9,Supplier 1,Week 16,4,BOBBIN 1.2G3,1.50,15.76,2.50
17/04/2023,Mornings,W5,None,1.67,17/04/2023 09:04:34,17/04/2023 09:07:15,Spool Change,Kg Completed,Not Applicable,Not Applicable,1631216BRE,3.00,89292/222,89292/222/38,Supplier 1,Week 16,4,BOBBIN 1.2G3,1.33,14.82,1.67
17/04/2023,Mornings,W3,21 / SR,6.00,17/04/2023 09:01:44,17/04/2023 09:07:55,reason not entered,null,null,null,16S1215PRE,2.33,89443/202,89443/202/52,Supplier 1,Week 16,4,BOBBIN 1.0,0.50,22.73,1.83
17/04/2023,Mornings,W1,21 / SR,6.50,17/04/2023 09:01:34,17/04/2023 09:08:35,reason not entered,null,null,null,1631215PL,1.33,89623/211,89623/211/16,Supplier 1,Week 16,4,BOBBIN 1.2G3,0.67,6.62,0.67
17/04/2023,Mornings,W4,None,0.50,17/04/2023 09:08:45,17/04/2023 09:09:45,Spool Change,Kg Completed,Not Applicable,Not Applicable,16S1016BRE,3.83,89504/315,89504/315/10,Supplier 1,Week 16,4,BOBBIN 1.2G3,1.17,16.15,2.67
17/04/2023,Mornings,W3,21 / SR,0.67,17/04/2023 09:10:05,17/04/2023 09:10:55,Spool Change,Kg Completed,Not Applicable,Not Applicable,16S1215PRE,2.33,89443/202,89443/202/53,Supplier 1,Week 16,4,BOBBIN 1.0,0.50,22.41,1.83
17/04/2023,Mornings,W5,None,0.83,17/04/2023 09:09:25,17/04/2023 09:10:55,Spool Change,Kg Completed,Not Applicable,Not Applicable,1631216BRE,2.83,89292/222,89292/222/39,Supplier 1,Week 16,4,BOBBIN 1.2G3,1.17,15.45,1.67
17/04/2023,Mornings,W1,21 / SR,1.33,17/04/2023 09:09:15,17/04/2023 09:11:45,Spool Change,Kg Completed,Not Applicable,Not Applicable,1631215PL,1.83,89623/211,89623/211/17,Supplier 1,Week 16,4,BOBBIN 1.2G3,0.83,10.08,1.00
17/04/2023,Mornings,W3,21 / SR,0.67,17/04/2023 09:13:06,17/04/2023 09:13:56,Spool Change,Kg Completed,Not Applicable,Not Applicable,16S1215PRE,2.33,89443/202,89443/202/54,Supplier 1,Week 16,4,BOBBIN 1.0,0.50,22.08,1.83
17/04/2023,Mornings,W4,None,0.50,17/04/2023 09:13:06,17/04/2023 09:14:06,Spool Change,Kg Completed,Not Applicable,Not Applicable,16S1016BRE,3.83,89504/315,89504/315/11,Supplier 1,Week 16,4,BOBBIN 1.2G3,1.17,16.10,2.67
17/04/2023,Mornings,W5,None,0.83,17/04/2023 09:12:55,17/04/2023 09:14:36,Spool Change,Kg Completed,Not Applicable,Not Applicable,1631216BRE,2.83,89292/222,89292/222/40,Supplier 1,Week 16,4,BOBBIN 1.2G3,1.33,16.34,1.50
17/04/2023,Mornings,W4,None,0.83,17/04/2023 09:17:16,17/04/2023 09:18:36,Spool Change,Kg Completed,Not Applicable,Not Applicable,16S1016BRE,3.67,89504/315,89504/315/12,Supplier 1,Week 16,4,BOBBIN 1.2G3,1.00,16.62,2.67
17/04/2023,Mornings,W5,None,1.50,17/04/2023 09:16:46,17/04/2023 09:19:26,Spool Change,Kg Completed,Not Applicable,Not Applicable,1631216BRE,3.33,89292/222,89292/222/41,Supplier 1,Week 16,4,BOBBIN 1.2G3,1.50,15.54,1.83
17/04/2023,Mornings,W3,21 / SR,3.83,17/04/2023 09:16:06,17/04/2023 09:20:06,reason not entered,null,null,null,16S1215PRE,2.33,89443/202,89443/202/55,Supplier 1,Week 16,4,BOBBIN 1.0,0.33,23.04,2.00
17/04/2023,Mornings,W1,21 / SR,7.00,17/04/2023 09:13:35,17/04/2023 09:20:46,reason not entered,null,null,null,1631215PL,2.00,89623/211,89623/211/18,Supplier 1,Week 16,4,BOBBIN 1.2G3,0.67,14.22,1.33
17/04/2023,Mornings,W3,21 / SR,0.67,17/04/2023 09:22:17,17/04/2023 09:22:57,Spool Change,Kg Completed,Not Applicable,Not Applicable,16S1215PRE,2.17,89443/202,89443/202/56,Supplier 1,Week 16,4,BOBBIN 1.0,0.33,21.80,1.83
17/04/2023,Mornings,W4,None,0.50,17/04/2023 09:21:57,17/04/2023 09:22:57,Spool Change,Kg Completed,Not Applicable,Not Applicable,16S1016BRE,3.83,89504/315,89504/315/13,Supplier 1,Week 16,4,BOBBIN 1.2G3,1.17,15.74,2.67
17/04/2023,Mornings,W5,None,0.67,17/04/2023 09:21:37,17/04/2023 09:23:07,Spool Change,Kg Completed,Not Applicable,Not Applicable,1631216BRE,3.00,89292/222,89292/222/42,Supplier 1,Week 16,4,BOBBIN 1.2G3,1.17,15.21,1.83
17/04/2023,Mornings,W1,21 / SR,1.00,17/04/2023 09:22:37,17/04/2023 09:23:47,Spool Change,Kg Completed,Not Applicable,Not Applicable,1631215PL,2.00,89623/211,89623/211/19,Supplier 1,Week 16,4,BOBBIN 1.2G3,1.17,10.99,0.83
17/04/2023,Mornings,W3,21 / SR,0.83,17/04/2023 09:25:17,17/04/2023 09:26:17,Spool Change,Kg Completed,Not Applicable,Not Applicable,16S1215PRE,2.33,89443/202,89443/202/57,Supplier 1,Week 16,4,BOBBIN 1.0,0.50,23.16,1.83
17/04/2023,Mornings,W1,21 / SR,1.33,17/04/2023 09:25:27,17/04/2023 09:26:57,Spool Change,Kg Completed,Not Applicable,Not Applicable,1631215PL,1.67,89623/211,89623/211/20,Supplier 1,Week 16,4,BOBBIN 1.2G3,0.50,14.52,1.17
17/04/2023,Mornings,W5,None,0.50,17/04/2023 09:25:27,17/04/2023 09:26:58,Spool Change,Kg Completed,Not Applicable,Not Applicable,1631216BRE,3.17,89292/222,89292/222/43,Supplier 1,Week 16,4,BOBBIN 1.2G3,1.33,16.01,1.83
17/04/2023,Mornings,W4,None,0.83,17/04/2023 09:26:07,17/04/2023 09:27:17,Spool Change,Kg Completed,Not Applicable,Not Applicable,16S1016BRE,3.33,89504/315,89504/315/14,Supplier 1,Week 16,4,BOBBIN 1.2G3,0.67,16.01,2.67
17/04/2023,Mornings,W3,21 / SR,0,17/04/2023 09:27:45,17/04/2023 09:27:45,Product changed,null,null,null,16S1215PRE,1.33,89443/202,16121202,Supplier 1,Week 16,4,BOBBIN 1.0,0.00,17.64,1.33
17/04/2023,Mornings,W1,21 / SR,0.50,17/04/2023 09:28:38,17/04/2023 09:29:08,Spool Change,Kg Completed,Not Applicable,Not Applicable,1631215PL,1.67,89623/211,89623/211/21,Supplier 1,Week 16,4,BOBBIN 1.2G3,0.33,13.73,1.33
17/04/2023,Mornings,W3,21 / SR,1.50,17/04/2023 09:28:28,17/04/2023 09:29:58,Spool Change,Kg Completed,Not Applicable,Not Applicable,16S1016BRE,0.83,89443/202,89443/202/58,Supplier 1,Week 16,4,BOBBIN 1.0,0.33,2.98,0.50
17/04/2023,Mornings,W5,None,0.67,17/04/2023 09:29:18,17/04/2023 09:30:48,Spool Change,Kg Completed,Not Applicable,Not Applicable,1631216BRE,3.17,89292/222,89292/222/44,Supplier 1,Week 16,4,BOBBIN 1.2G3,1.33,16.07,1.83
17/04/2023,Mornings,W4,None,0.83,17/04/2023 09:31:18,17/04/2023 09:32:28,Spool Change,Kg Completed,Not Applicable,Not Applicable,16S1016BRE,4.33,89504/315,89504/315/15,Supplier 1,Week 16,4,BOBBIN 1.2G3,1.83,15.95,2.50
17/04/2023,Mornings,W5,None,0.67,17/04/2023 09:32:58,17/04/2023 09:34:29,Spool Change,Kg Completed,Not Applicable,Not Applicable,1631216BRE,3.00,89292/222,89292/222/45,Supplier 1,Week 16,4,BOBBIN 1.2G3,1.17,15.16,1.83
17/04/2023,Mornings,W4,21 / SR,0,17/04/2023 09:37:23,17/04/2023 09:37:23,Operator changed,null,null,null,16S1016BRE,4.83,89504/315,89504/315/15,Supplier 1,Week 16,4,BOBBIN 1.2G3,0.67,15.89,4.17
17/04/2023,Mornings,W4,21 / SR,0.50,17/04/2023 09:37:29,17/04/2023 09:38:39,Spool Change,Kg Completed,Not Applicable,Not Applicable,16S1016BRE,0.83,89504/315,89504/315/16,Supplier 1,Week 16,4,BOBBIN 1.2G3,0.67,0.58,0.17
17/04/2023,Mornings,W5,None,1.67,17/04/2023 09:36:49,17/04/2023 09:40:09,Spool Change,Kg Completed,Not Applicable,Not Applicable,1631216BRE,4.00,89292/222,89292/222/46,Supplier 1,Week 16,4,BOBBIN 1.2G3,2.00,16.08,2.00
17/04/2023,Mornings,W4,21 / SR,3.83,17/04/2023 09:40:39,17/04/2023 09:44:40,reason not entered,null,null,null,16S1016BRE,2.17,89504/315,89504/315/16,Supplier 1,Week 16,4,BOBBIN 1.2G3,0.50,6.46,1.67
17/04/2023,Mornings,W4,21 / SR,0.50,17/04/2023 09:47:00,17/04/2023 09:48:10,Spool Change,Kg Completed,Not Applicable,Not Applicable,16S1016BRE,3.00,89504/315,89504/315/17,Supplier 1,Week 16,4,BOBBIN 1.2G3,1.33,9.83,1.67
17/04/2023,Mornings,W1,21 / SR,12.83,17/04/2023 09:30:58,17/04/2023 09:48:20,reason not entered,null,null,null,1631215PL,6.33,89623/211,89623/211/23,Supplier 1,Week 16,4,BOBBIN 1.2G3,5.00,23.12,1.33
17/04/2023,Mornings,W4,21 / SR,0.50,17/04/2023 09:51:11,17/04/2023 09:52:21,Spool Change,Kg Completed,Not Applicable,Not Applicable,16S1016BRE,3.67,89504/315,89504/315/18,Supplier 1,Week 16,4,BOBBIN 1.2G3,1.17,16.02,2.50
17/04/2023,Mornings,W3,21 / SR,22.17,17/04/2023 09:30:38,17/04/2023 09:54:11,reason not entered,null,null,null,16S1016BRE,2.00,89304/212,89443/202/59,Supplier 1,Week 16,4,BOBBIN 1.0,1.67,3.86,0.33
17/04/2023,Mornings,W5,None,15.17,17/04/2023 09:42:30,17/04/2023 09:59:32,reason not entered,null,null,null,1631216BRE,4.17,89292/222,89292/222/48,Supplier 1,Week 16,4,BOBBIN 1.2G3,2.33,16.15,1.83
17/04/2023,Mornings,W4,21 / SR,3.67,17/04/2023 09:55:22,17/04/2023 10:00:02,reason not entered,null,null,null,16S1016BRE,4.00,89504/315,89504/315/19,Supplier 1,Week 16,4,BOBBIN 1.2G3,1.50,16.09,2.50
17/04/2023,Mornings,W3,21 / SR,3.83,17/04/2023 09:56:42,17/04/2023 10:00:42,reason not entered,null,null,null,16S1016BRE,2.67,89304/212,89304/212/60,Supplier 1,Week 16,4,BOBBIN 1.0,0.50,14.18,2.17
17/04/2023,Mornings,W1,21 / SR,12.33,17/04/2023 09:49:31,17/04/2023 10:01:52,reason not entered,null,null,null,1631215PL,1.17,89623/211,89623/211/24,Supplier 1,Week 16,4,BOBBIN 1.2G3,0.33,8.78,0.83
17/04/2023,Mornings,W4,21 / SR,0.67,17/04/2023 10:02:42,17/04/2023 10:03:53,Spool Change,Kg Completed,Not Applicable,Not Applicable,16S1016BRE,3.17,89504/315,89504/315/20,Supplier 1,Week 16,4,BOBBIN 1.2G3,1.00,16.01,2.17
17/04/2023,Mornings,W4,21 / SR,0.67,17/04/2023 10:06:43,17/04/2023 10:07:43,Spool Change,Kg Completed,Not Applicable,Not Applicable,16S1016BRE,3.17,89504/315,89504/315/21,Supplier 1,Week 16,4,BOBBIN 1.2G3,1.00,15.89,2.17
17/04/2023,Mornings,W5,None,4.67,17/04/2023 10:01:42,17/04/2023 10:08:13,reason not entered,null,null,null,1631216BRE,4.00,89292/222,89292/222/50,Supplier 1,Week 16,4,BOBBIN 1.2G3,2.17,15.93,1.83
17/04/2023,Mornings,W3,21 / SR,5.00,17/04/2023 10:03:33,17/04/2023 10:08:33,reason not entered,null,null,null,16S1016BRE,2.83,89304/212,89304/212/61,Supplier 1,Week 16,4,BOBBIN 1.0,0.33,15.70,2.50
17/04/2023,Mornings,W1,21 / SR,6.33,17/04/2023 10:02:32,17/04/2023 10:09:43,reason not entered,null,null,null,1631215PL,1.50,89623/211,89623/211/25,Supplier 1,Week 16,4,BOBBIN 1.2G3,1.00,6.86,0.50
17/04/2023,Mornings,W4,21 / SR,0.50,17/04/2023 10:10:23,17/04/2023 10:11:34,Spool Change,Kg Completed,Not Applicable,Not Applicable,16S1016BRE,3.33,89504/315,89504/315/22,Supplier 1,Week 16,4,BOBBIN 1.2G3,1.17,16.38,2.17
17/04/2023,Mornings,W1,21 / SR,0.33,17/04/2023 10:11:24,17/04/2023 10:11:54,Spool Change,Kg Completed,Not Applicable,Not Applicable,1631215PL,1.83,89623/211,89623/211/26,Supplier 1,Week 16,4,BOBBIN 1.2G3,0.83,9.79,1.00
17/04/2023,Mornings,W5,None,0.67,17/04/2023 10:10:34,17/04/2023 10:12:04,Spool Change,Kg Completed,Not Applicable,Not Applicable,1631216BRE,3.17,89292/222,89292/222/51,Supplier 1,Week 16,4,BOBBIN 1.2G3,1.33,16.02,1.83
17/04/2023,Mornings,W3,21 / SR,1.33,17/04/2023 10:11:24,17/04/2023 10:12:54,Spool Change,Kg Completed,Not Applicable,Not Applicable,16S1016BRE,3.00,89304/212,89304/212/62,Supplier 1,Week 16,4,BOBBIN 1.0,0.50,16.11,2.50
17/04/2023,Mornings,W1,21 / SR,0.67,17/04/2023 10:13:44,17/04/2023 10:14:34,Spool Change,Kg Completed,Not Applicable,Not Applicable,1631215PL,2.00,89623/211,89623/211/27,Supplier 1,Week 16,4,BOBBIN 1.2G3,0.83,12.68,1.17
17/04/2023,Mornings,W4,21 / SR,0.67,17/04/2023 10:13:54,17/04/2023 10:15:04,Spool Change,Kg Completed,Not Applicable,Not Applicable,16S1016BRE,2.83,89504/315,89504/315/23,Supplier 1,Week 16,4,BOBBIN 1.2G3,0.83,15.85,2.00
17/04/2023,Mornings,W3,21 / SR,1.17,17/04/2023 10:15:44,17/04/2023 10:16:54,Spool Change,Kg Completed,Not Applicable,Not Applicable,16S1016BRE,2.83,89304/212,89304/212/63,Supplier 1,Week 16,4,BOBBIN 1.0,0.33,15.82,2.50
17/04/2023,Mornings,W1,21 / SR,1.50,17/04/2023 10:14:54,17/04/2023 10:17:45,Spool Change,Kg Completed,Not Applicable,Not Applicable,1631215PL,1.67,89623/211,89623/211/28,Supplier 1,Week 16,4,BOBBIN 1.2G3,0.83,10.41,0.83
17/04/2023,Mornings,W4,21 / SR,0.67,17/04/2023 10:17:45,17/04/2023 10:18:55,Spool Change,Kg Completed,Not Applicable,Not Applicable,16S1016BRE,3.17,89504/315,89504/315/24,Supplier 1,Week 16,4,BOBBIN 1.2G3,1.17,16.04,2.00
17/04/2023,Mornings,W3,21 / SR,1.00,17/04/2023 10:19:45,17/04/2023 10:20:45,Spool Change,Kg Completed,Not Applicable,Not Applicable,16S1016BRE,2.83,89304/212,89304/212/64,Supplier 1,Week 16,4,BOBBIN 1.0,0.33,15.78,2.50
17/04/2023,Mornings,W4,21 / SR,0.67,17/04/2023 10:21:25,17/04/2023 10:22:35,Spool Change,Kg Completed,Not Applicable,Not Applicable,16S1016BRE,3.00,89504/315,89504/315/25,Supplier 1,Week 16,4,BOBBIN 1.2G3,1.00,15.79,2.00
17/04/2023,Mornings,W1,21 / SR,3.17,17/04/2023 10:18:45,17/04/2023 10:23:55,reason not entered,null,null,null,1631215PL,3.00,89623/211,89623/211/30,Supplier 1,Week 16,4,BOBBIN 1.2G3,2.33,9.87,0.67
17/04/2023,Mornings,W3,21 / SR,0.83,17/04/2023 10:23:35,17/04/2023 10:24:36,Spool Change,Kg Completed,Not Applicable,Not Applicable,16S1016BRE,3.00,89304/212,89304/212/65,Supplier 1,Week 16,4,BOBBIN 1.0,0.50,16.65,2.50
17/04/2023,Mornings,W4,21 / SR,0.83,17/04/2023 10:25:06,17/04/2023 10:26:26,Spool Change,Kg Completed,Not Applicable,Not Applicable,16S1016BRE,2.83,89504/315,89504/315/26,Supplier 1,Week 16,4,BOBBIN 1.2G3,0.67,16.53,2.17
17/04/2023,Mornings,W4,21 / SR,0.50,17/04/2023 10:28:56,17/04/2023 10:30:06,Spool Change,Kg Completed,Not Applicable,Not Applicable,16S1016BRE,3.17,89504/315,89504/315/27,Supplier 1,Week 16,4,BOBBIN 1.2G3,1.17,15.90,2.00
17/04/2023,Mornings,W1,21 / SR,5.00,17/04/2023 10:24:15,17/04/2023 10:30:16,reason not entered,null,null,null,1631215PL,1.17,89623/211,89623/211/32,Supplier 1,Week 16,4,BOBBIN 1.2G3,0.83,4.70,0.33
17/04/2023,Mornings,W3,21 / SR,3.50,17/04/2023 10:27:16,17/04/2023 10:30:56,reason not entered,null,null,null,16S1016BRE,2.67,89304/212,89304/212/66,Supplier 1,Week 16,4,BOBBIN 1.0,0.50,15.40,2.17
17/04/2023,Mornings,W3,21 / SR,0.50,17/04/2023 10:33:17,17/04/2023 10:33:57,Spool Change,Kg Completed,Not Applicable,Not Applicable,16S1016BRE,2.50,89304/212,89304/212/67,Supplier 1,Week 16,4,BOBBIN 1.0,0.50,16.30,2.00
17/04/2023,Mornings,W4,21 / SR,0.50,17/04/2023 10:32:47,17/04/2023 10:33:57,Spool Change,Kg Completed,Not Applicable,Not Applicable,16S1016BRE,3.33,89504/315,89504/315/28,Supplier 1,Week 16,4,BOBBIN 1.2G3,1.33,15.84,2.00
17/04/2023,Mornings,W3,21 / SR,0.83,17/04/2023 10:36:07,17/04/2023 10:36:57,Spool Change,Kg Completed,Not Applicable,Not Applicable,16S1016BRE,2.17,89304/212,89304/212/68,Supplier 1,Week 16,4,BOBBIN 1.0,0.17,15.29,2.00
17/04/2023,Mornings,W4,21 / SR,0.50,17/04/2023 10:36:27,17/04/2023 10:37:37,Spool Change,Kg Completed,Not Applicable,Not Applicable,16S1016BRE,3.17,89504/315,89504/315/29,Supplier 1,Week 16,4,BOBBIN 1.2G3,1.17,15.86,2.00
17/04/2023,Mornings,W3,21 / SR,0.50,17/04/2023 10:39:18,17/04/2023 10:39:58,Spool Change,Kg Completed,Not Applicable,Not Applicable,16S1016BRE,2.50,89304/212,89304/212/69,Supplier 1,Week 16,4,BOBBIN 1.0,0.50,16.17,2.00
17/04/2023,Mornings,W4,21 / SR,0.67,17/04/2023 10:40:08,17/04/2023 10:41:18,Spool Change,Kg Completed,Not Applicable,Not Applicable,16S1016BRE,3.00,89504/315,89504/315/30,Supplier 1,Week 16,4,BOBBIN 1.2G3,1.00,15.86,2.00
17/04/2023,Mornings,W3,21 / SR,0.50,17/04/2023 10:42:18,17/04/2023 10:42:58,Spool Change,Kg Completed,Not Applicable,Not Applicable,16S1016BRE,2.50,89304/212,89304/212/70,Supplier 1,Week 16,4,BOBBIN 1.0,0.50,16.23,2.00
17/04/2023,Mornings,W4,21 / SR,0.67,17/04/2023 10:43:58,17/04/2023 10:45:08,Spool Change,Kg Completed,Not Applicable,Not Applicable,16S1016BRE,3.17,89504/315,89504/315/31,Supplier 1,Week 16,4,BOBBIN 1.2G3,1.17,16.23,2.00
17/04/2023,Mornings,W3,21 / SR,0.67,17/04/2023 10:45:18,17/04/2023 10:46:08,Spool Change,Kg Completed,Not Applicable,Not Applicable,16S1016BRE,2.50,89304/212,89304/212/71,Supplier 1,Week 16,4,BOBBIN 1.0,0.50,15.35,2.00
17/04/2023,Mornings,W3,21 / SR,0.50,17/04/2023 10:48:29,17/04/2023 10:48:59,Spool Change,Kg Completed,Not Applicable,Not Applicable,16S1016BRE,2.17,89304/212,89304/212/72,Supplier 1,Week 16,4,BOBBIN 1.0,0.33,15.88,1.83
17/04/2023,Mornings,W4,21 / SR,0.50,17/04/2023 10:47:59,17/04/2023 10:48:59,Spool Change,Kg Completed,Not Applicable,Not Applicable,16S1016BRE,3.17,89504/315,89504/315/32,Supplier 1,Week 16,4,BOBBIN 1.2G3,1.33,16.10,1.83
17/04/2023,Mornings,W3,21 / SR,0.33,17/04/2023 10:51:19,17/04/2023 10:51:49,Spool Change,Kg Completed,Not Applicable,Not Applicable,16S1016BRE,2.50,89304/212,89304/212/73,Supplier 1,Week 16,4,BOBBIN 1.0,0.50,16.44,2.00
17/04/2023,Mornings,W4,21 / SR,0.50,17/04/2023 10:51:29,17/04/2023 10:52:39,Spool Change,Kg Completed,Not Applicable,Not Applicable,16S1016BRE,3.17,89504/315,89504/315/33,Supplier 1,Week 16,4,BOBBIN 1.2G3,1.17,15.88,2.00
17/04/2023,Mornings,W3,21 / SR,0.33,17/04/2023 10:53:59,17/04/2023 10:54:29,Spool Change,Kg Completed,Not Applicable,Not Applicable,16S1016BRE,2.33,89304/212,89304/212/74,Supplier 1,Week 16,4,BOBBIN 1.0,0.50,15.91,1.83
17/04/2023,Mornings,W4,21 / SR,0.83,17/04/2023 10:55:10,17/04/2023 10:56:20,Spool Change,Kg Completed,Not Applicable,Not Applicable,16S1016BRE,2.83,89504/315,89504/315/34,Supplier 1,Week 16,4,BOBBIN 1.2G3,0.83,15.46,2.00
17/04/2023,Mornings,W4,21 / SR,0.67,17/04/2023 10:59:00,17/04/2023 11:00:10,Spool Change,Kg Completed,Not Applicable,Not Applicable,16S1016BRE,3.17,89504/315,89504/315/35,Supplier 1,Week 16,4,BOBBIN 1.2G3,1.00,16.26,2.17
17/04/2023,Mornings,W3,21 / SR,3.83,17/04/2023 10:56:40,17/04/2023 11:00:40,reason not entered,null,null,null,16S1016BRE,2.33,89304/212,89304/212/75,Supplier 1,Week 16,4,BOBBIN 1.0,0.50,15.85,1.83
17/04/2023,Mornings,W2,None,339.66,17/04/2023 05:20:11,17/04/2023 11:03:21,reason not entered,null,null,null,16E1015PL,0.00,89312/045,89312/045/1,Supplier 1,Week 16,4,BOBBIN 1.0,0.00,0.02,0.00
17/04/2023,Mornings,W4,21 / SR,0.67,17/04/2023 11:02:41,17/04/2023 11:03:51,Spool Change,Kg Completed,Not Applicable,Not Applicable,16S1016BRE,3.00,89504/315,89504/315/36,Supplier 1,Week 16,4,BOBBIN 1.2G3,1.00,15.79,2.00
17/04/2023,Mornings,W3,21 / SR,1.17,17/04/2023 11:02:51,17/04/2023 11:04:11,Spool Change,Kg Completed,Not Applicable,Not Applicable,16S1016BRE,2.33,89304/212,89304/212/76,Supplier 1,Week 16,4,BOBBIN 1.0,0.50,15.66,1.83
17/04/2023,Mornings,W2,None,2.33,17/04/2023 11:03:31,17/04/2023 11:06:41,Spool Reverse,Layer miss,Not Applicable,Not Applicable,16E1015PL,1.00,89312/045,89312/045/1,Supplier 1,Week 16,4,BOBBIN 1.0,0.83,-1.78,0.17
17/04/2023,Mornings,W3,21 / SR,0.67,17/04/2023 11:06:21,17/04/2023 11:07:11,Spool Change,Kg Completed,Not Applicable,Not Applicable,16S1016BRE,2.33,89304/212,89304/212/77,Supplier 1,Week 16,4,BOBBIN 1.0,0.50,16.01,1.83
17/04/2023,Mornings,W4,21 / SR,0.67,17/04/2023 11:06:21,17/04/2023 11:07:31,Spool Change,Kg Completed,Not Applicable,Not Applicable,16S1016BRE,3.00,89504/315,89504/315/37,Supplier 1,Week 16,4,BOBBIN 1.2G3,1.00,15.93,2.00
17/04/2023,Mornings,W4,21 / SR,0.67,17/04/2023 11:10:01,17/04/2023 11:11:12,Spool Change,Kg Completed,Not Applicable,Not Applicable,16S1016BRE,3.00,89504/315,89504/315/38,Supplier 1,Week 16,4,BOBBIN 1.2G3,0.83,15.91,2.17
17/04/2023,Mornings,W3,21 / SR,2.67,17/04/2023 11:09:21,17/04/2023 11:12:12,reason not entered,null,null,null,16S1016BRE,2.33,89304/212,89304/212/78,Supplier 1,Week 16,4,BOBBIN 1.0,0.50,15.80,1.83
17/04/2023,Mornings,W4,21 / SR,0.50,17/04/2023 11:13:52,17/04/2023 11:15:02,Spool Change,Kg Completed,Not Applicable,Not Applicable,16S1016BRE,3.33,89504/315,89504/315/39,Supplier 1,Week 16,4,BOBBIN 1.2G3,1.33,16.31,2.00
17/04/2023,Mornings,W3,21 / SR,0.83,17/04/2023 11:14:22,17/04/2023 11:15:22,Spool Change,Kg Completed,Not Applicable,Not Applicable,16S1016BRE,2.33,89304/212,89304/212/79,Supplier 1,Week 16,4,BOBBIN 1.0,0.50,16.48,1.83
17/04/2023,Mornings,W1,21 / SR,0,17/04/2023 11:17:37,17/04/2023 11:17:37,Product changed,null,null,null,1631215PL,0.17,89623/211,16121211,Supplier 1,Week 16,4,BOBBIN 1.2G3,0.17,0.66,0.00
17/04/2023,Mornings,W4,21 / SR,0.67,17/04/2023 11:17:32,17/04/2023 11:18:33,Spool Change,Kg Completed,Not Applicable,Not Applicable,16S1016BRE,2.83,89504/315,89504/315/40,Supplier 1,Week 16,4,BOBBIN 1.2G3,0.83,15.49,2.00
17/04/2023,Mornings,W3,21 / SR,1.00,17/04/2023 11:17:32,17/04/2023 11:18:43,Spool Change,Kg Completed,Not Applicable,Not Applicable,16S1016BRE,2.33,89304/212,89304/212/80,Supplier 1,Week 16,4,BOBBIN 1.0,0.50,15.74,1.83
17/04/2023,Mornings,W3,21 / SR,0.50,17/04/2023 11:20:53,17/04/2023 11:21:23,Spool Change,Kg Completed,Not Applicable,Not Applicable,16S1016BRE,2.17,89304/212,89304/212/81,Supplier 1,Week 16,4,BOBBIN 1.0,0.33,15.35,1.83
17/04/2023,Mornings,W4,21 / SR,0.67,17/04/2023 11:21:13,17/04/2023 11:22:23,Spool Change,Kg Completed,Not Applicable,Not Applicable,16S1016BRE,3.17,89504/315,89504/315/41,Supplier 1,Week 16,4,BOBBIN 1.2G3,1.00,16.23,2.17
17/04/2023,Mornings,W3,21 / SR,0.50,17/04/2023 11:23:43,17/04/2023 11:24:23,Spool Change,Kg Completed,Not Applicable,Not Applicable,16S1016BRE,2.33,89304/212,89304/212/82,Supplier 1,Week 16,4,BOBBIN 1.0,0.50,16.49,1.83
17/04/2023,Mornings,W4,21 / SR,0.67,17/04/2023 11:24:53,17/04/2023 11:26:14,Spool Change,Kg Completed,Not Applicable,Not Applicable,16S1016BRE,3.00,89504/315,89504/315/42,Supplier 1,Week 16,4,BOBBIN 1.2G3,1.00,16.49,2.00
17/04/2023,Mornings,W3,21 / SR,0.83,17/04/2023 11:27:14,17/04/2023 11:28:14,Spool Change,Kg Completed,Not Applicable,Not Applicable,16S1016BRE,3.00,89304/212,89304/212/83,Supplier 1,Week 16,4,BOBBIN 1.0,0.50,15.93,2.50
17/04/2023,Mornings,W4,21 / SR,0.83,17/04/2023 11:28:34,17/04/2023 11:29:44,Spool Change,Kg Completed,Not Applicable,Not Applicable,16S1016BRE,2.67,89504/315,89504/315/43,Supplier 1,Week 16,4,BOBBIN 1.2G3,0.67,15.37,2.00
17/04/2023,Mornings,W4,21 / SR,0.83,17/04/2023 11:32:14,17/04/2023 11:33:24,Spool Change,Kg Completed,Not Applicable,Not Applicable,16S1016BRE,2.83,89504/315,89504/315/44,Supplier 1,Week 16,4,BOBBIN 1.2G3,0.67,16.28,2.17
17/04/2023,Mornings,W3,21 / SR,4.17,17/04/2023 11:31:04,17/04/2023 11:35:25,reason not entered,null,null,null,16S1016BRE,3.00,89304/212,89304/212/84,Supplier 1,Week 16,4,BOBBIN 1.0,0.50,16.05,2.50
17/04/2023,Mornings,W4,21 / SR,0.50,17/04/2023 11:36:15,17/04/2023 11:37:25,Spool Change,Kg Completed,Not Applicable,Not Applicable,16S1016BRE,3.50,89504/315,89504/315/45,Supplier 1,Week 16,4,BOBBIN 1.2G3,1.50,16.33,2.00
17/04/2023,Mornings,W3,21 / SR,2.50,17/04/2023 11:37:55,17/04/2023 11:40:35,reason not entered,null,null,null,16S1016BRE,2.67,89304/212,89304/212/85,Supplier 1,Week 16,4,BOBBIN 1.0,0.50,15.51,2.17
17/04/2023,Mornings,W4,21 / SR,0.67,17/04/2023 11:39:55,17/04/2023 11:41:05,Spool Change,Kg Completed,Not Applicable,Not Applicable,16S1016BRE,3.00,89504/315,89504/315/46,Supplier 1,Week 16,4,BOBBIN 1.2G3,1.00,15.64,2.00
